base_bid,clicks
89,103

clicks: 103 
CTR: 0.075% 
Spend: 6250072 
Avg_CPM: 45230.0700515255 
Avg_CPC: 60680.31067961165